temp,humidity,soil_analog,soil_digital,rain_analog,rain_digital,level,flow,Flood Risk
9.52103913,64.6096175,201,0,1996,0,2497,888.0390644,LOW
4.788938766,63.19886804,1505,0,1071,0,2364,103.6785807,LOW
34.45685421,74.22531872,582,0,219,0,3163,194.9751999,LOW
5.662125184,16.30353369,1567,0,1937,0,2911,734.4439321,LOW
79.08984806,67.14549349,1245,0,779,0,3702,879.26866,LOW
17.96476371,26.85337561,1659,0,21,0,3863,656.7560635,LOW
-38.54762599,0.903846908,1636,0,4009,1,4059,926.1940684,MEDIUM
23.79193575,87.98626774,182,0,1727,0,3112,29.66822306,LOW
33.76091114,73.61162736,3732,1,3568,1,3582,943.5596586,HIGH
35.34804674,8.175903195,2397,0,3644,1,106,920.8724005,LOW
29.36660372,93.20658226,4064,1,3916,1,3970,813.1611758,HIGH
-19.21577561,43.38516492,2070,0,3908,1,1785,615.8500981,LOW
74.05510047,58.1622293,650,0,2146,0,2871,580.0888347,MEDIUM
33.26054407,90.37199813,4024,1,3507,1,3829,604.1997868,HIGH
24.88323217,87.94027352,3895,1,3646,1,3793,755.8537236,HIGH
22.96434924,72.76296263,3750,1,3825,1,3790,949.3939449,HIGH
-7.720791468,79.75591006,394,0,71,0,1087,455.2201491,LOW
35.30726728,77.59079023,3607,1,3795,1,4030,562.9775982,HIGH
21.39628615,0.534616085,514,0,3196,1,1231,414.8151194,LOW
-24.07424154,14.3542362,1969,0,3079,1,2793,732.8989183,MEDIUM
-24.11531452,59.30145004,1889,0,3630,1,266,353.4607405,LOW
1.48351922,18.15977168,1865,0,711,0,2919,583.3917948,LOW
35.35400633,67.43038064,4073,1,3138,1,1693,721.4220673,LOW
6.48711028,85.18412369,2467,0,2120,0,2658,77.61464473,MEDIUM
-38.68050056,13.68856301,3896,1,167,0,3358,873.8900776,LOW
-35.48838722,47.97813269,271,0,2424,0,3511,271.6869711,MEDIUM
12.13422134,25.36821739,753,0,1683,0,1243,571.4730252,LOW
37.06658433,79.84480217,3938,1,3882,1,3651,615.6399642,HIGH
29.27628499,79.6008195,3936,1,3825,1,3610,659.1520473,HIGH
31.59238194,70.66655446,3748,1,4017,1,3822,983.9013688,HIGH
9.323416377,83.98613029,2631,1,3225,1,2199,353.4213793,MEDIUM
23.75189048,72.05160614,2713,1,882,0,525,147.7390919,LOW
70.32648855,17.60954713,869,0,1413,0,885,13.02956776,LOW
39.05900842,25.23072498,3940,1,3060,1,1986,488.374629,LOW
62.17099493,20.85105144,3310,1,593,0,560,116.3663979,LOW
62.68357617,83.02198646,451,0,2516,1,1523,668.0851366,LOW
-13.54195678,72.57259104,2093,0,2309,0,617,739.4082298,LOW
19.25768485,38.76488055,2010,0,905,0,3800,703.8570916,LOW
36.59445733,99.30383118,3553,1,4057,1,4027,997.7844502,HIGH
61.84037539,13.66213314,245,0,1705,0,3247,552.8199769,LOW
56.94151303,76.22851348,1000,0,1354,0,3350,435.5833148,LOW
34.1861676,10.11226761,1542,0,2217,0,1197,700.9691315,LOW
39.65654331,47.46308757,3568,1,2203,0,1655,805.670153,LOW
32.7697757,79.59229586,4020,1,3984,1,3616,500.4647084,HIGH
35.45177818,73.53502987,3453,1,3633,1,2579,504.8448819,MEDIUM
-4.699843199,91.1836035,377,0,526,0,2946,185.4588747,LOW
25.92651604,74.30408371,4058,1,3920,1,3686,685.7732557,HIGH
5.909638828,36.77336508,1444,0,1759,0,3205,435.5076255,LOW
-33.26366759,85.27280199,921,0,3903,1,4082,376.9141647,MEDIUM
20.63556969,93.46152308,3994,1,4087,1,3746,557.8506591,HIGH
-4.565140714,23.23843231,2342,0,973,0,3522,803.4827433,LOW
32.75803749,99.55523665,3787,1,3629,1,3686,705.5952379,HIGH
-38.91131144,81.86794205,1007,0,3526,1,1349,283.3429483,LOW
-33.48015582,74.86452341,3662,1,3065,1,1464,0.134693004,LOW
43.46193037,13.93314544,2278,0,540,0,2796,539.8410913,LOW
-1.215648158,51.87906217,3304,1,1520,0,3763,363.6296024,LOW
27.3049356,86.39615807,2567,1,619,0,3499,897.6746727,LOW
39.50267412,31.17110761,3461,1,3893,1,2613,546.7102793,MEDIUM
-2.248413183,80.74302518,2864,1,3640,1,3004,790.0135588,MEDIUM
38.2586201,80.19310727,3768,1,3604,1,3807,839.0569155,HIGH
-12.58543104,99.63339161,2920,1,1737,0,1082,650.3256863,LOW
4.419044031,1.545661653,2327,0,180,0,3420,428.1841483,LOW
-21.50259482,55.37114854,2721,1,1402,0,364,761.9018126,LOW
-31.93895201,40.5248088,3045,1,3700,1,1401,720.2025816,LOW
61.64729924,2.359496465,330,0,2776,1,2823,783.1984133,MEDIUM
-16.08755962,87.74700467,1503,0,1598,0,1459,13.74555401,LOW
76.43085317,43.76613281,1923,0,3922,1,2775,704.87101,MEDIUM
35.63230958,79.41119536,3738,1,3832,1,3803,848.8581538,HIGH
43.51690473,40.89529444,1081,0,2849,1,633,156.4370427,LOW
60.62590579,35.61856471,1377,0,761,0,1439,709.0137243,LOW
-4.660726379,99.5831375,3637,1,470,0,3957,384.2018314,LOW
13.98106496,21.84431829,1460,0,2512,1,1852,68.34093553,LOW
9.980531828,82.21798868,2078,0,328,0,2945,211.9940547,LOW
6.89061828,15.86788737,3471,1,1812,0,2774,605.4117575,LOW
14.27819414,64.35776952,808,0,970,0,3771,731.5895218,LOW
31.37319649,61.66045819,2270,0,715,0,1439,298.8358863,LOW
45.11849942,16.7321304,2814,1,3722,1,253,583.7727805,LOW
72.86279174,39.75720211,2598,1,1802,0,2385,837.7101059,LOW
36.13089743,77.07806183,872,0,1036,0,891,858.9566854,LOW
-2.542233196,39.90459461,3234,1,1472,0,1252,9.03040413,LOW
-22.72697037,59.53596613,218,0,2067,0,668,925.5222079,LOW
-14.1014767,62.28904758,1219,0,2931,1,773,51.68172117,LOW
25.18793669,15.92457383,984,0,519,0,1680,91.16449041,LOW
9.362468607,69.95122108,2983,1,369,0,3891,132.7454222,LOW
21.87152343,48.88465803,3499,1,2431,0,1317,139.6512548,LOW
7.416529192,3.945953289,656,0,3730,1,2660,543.024584,MEDIUM
30.55127298,75.14789101,3581,1,4049,1,4001,731.2967736,HIGH
43.27395086,22.95981608,1942,0,3687,1,1068,165.2844901,LOW
62.97444731,78.3772389,1240,0,3575,1,2103,201.065152,MEDIUM
-26.90684419,65.05116478,3173,1,18,0,493,925.6748309,LOW
-11.29838749,14.22493687,1352,0,882,0,1179,303.2751476,LOW
47.01868731,19.11907015,2352,0,852,0,1938,308.6987434,LOW
-38.78425792,63.60960464,3189,1,1563,0,2760,612.5734683,LOW
52.50946445,10.65982531,2760,1,1240,0,2343,728.1887562,LOW
67.78856767,77.68033321,165,0,3447,1,2430,986.7291015,MEDIUM
60.77627428,38.38329519,2184,0,1528,0,601,587.7693609,LOW
71.38185177,92.913952,2742,1,1338,0,2587,527.6774662,LOW
63.00953022,42.89940274,1548,0,872,0,2326,754.5428741,LOW
12.61689476,67.20261353,50,0,3261,1,3736,155.0416167,MEDIUM
22.29593855,98.24598731,3612,1,3604,1,3770,731.1955885,HIGH
-29.9734795,1.912896644,2282,0,3021,1,2463,890.855535,MEDIUM
36.5552952,25.68838476,1100,0,920,0,2556,58.45461411,LOW
36.49707535,93.63226565,3552,1,3750,1,3979,918.6186091,HIGH
43.6965754,68.01407718,190,0,2054,0,3738,752.7166396,MEDIUM
-12.55667087,95.63200934,3349,1,1960,0,2401,679.5499271,LOW
11.02738225,3.75710904,253,0,824,0,180,765.5467505,LOW
6.384860819,51.12754622,2808,1,1714,0,2546,577.2790292,LOW
23.22915668,84.15219513,3965,1,3934,1,3587,871.1356961,HIGH
34.40873071,53.3461092,1254,0,2597,1,922,788.5972112,LOW
22.12674595,73.42419908,3999,1,3716,1,3592,936.3275361,HIGH
-3.242380147,78.89851599,3259,1,1474,0,3435,798.3803405,LOW
23.29769553,77.19968092,3683,1,3874,1,4087,636.4749974,HIGH
37.17396242,95.71692812,4045,1,3714,1,4047,573.347557,HIGH
38.58289434,81.61967554,3992,1,3732,1,3691,715.5562025,HIGH
-18.70725475,75.06147516,2239,0,4079,1,2786,990.505142,MEDIUM
54.63379576,51.72690564,431,0,182,0,3756,147.4525267,LOW
48.50014977,45.22179409,938,0,1202,0,954,452.4395161,LOW
23.03772345,79.8567445,3682,1,3512,1,3708,591.2290203,HIGH
-2.653900592,67.71206397,2372,0,3699,1,1415,364.5937282,LOW
-13.69432152,97.58652558,3427,1,3702,1,684,182.1179157,LOW
37.26018092,74.52062461,3953,1,3521,1,3535,995.7267839,HIGH
-25.03431317,38.5375883,1155,0,1013,0,1043,780.3997761,LOW
-38.40987598,29.59428889,3310,1,2719,1,1700,411.0936089,LOW
34.03123021,98.1186178,2064,0,699,0,359,259.8035811,LOW
-39.59843655,46.73107665,375,0,145,0,3741,852.8218217,LOW
48.08357151,76.25963947,21,0,3906,1,3420,30.54945709,MEDIUM
5.277639369,93.6321154,2738,1,470,0,3492,116.0226813,LOW
54.45519231,97.48346528,3471,1,3800,1,3253,428.8868789,HIGH
31.32430032,70.18772413,3973,1,3571,1,3782,783.0358232,HIGH
22.82447087,87.12632251,3719,1,3911,1,3552,639.3215316,HIGH
7.717709551,76.2309032,118,0,2512,1,3227,267.2526298,MEDIUM
20.58310372,97.21746833,3887,1,3736,1,3928,610.0443384,HIGH
-33.04954473,7.469441776,2257,0,686,0,2353,990.1483728,LOW
20.94393403,98.84249859,3770,1,4090,1,4061,815.6879888,HIGH
14.01480334,57.92663538,1064,0,3146,1,3134,98.87361764,MEDIUM
28.6750963,98.03315837,1139,0,2975,1,190,305.6970193,LOW
74.48612327,60.61746345,1469,0,1823,0,448,671.7006844,LOW
33.24856004,94.93067971,54,0,405,0,2670,954.0869365,LOW
34.92248578,29.56336858,3060,1,1643,0,2693,456.5345705,LOW
74.58383368,73.78969167,1470,0,2294,0,580,611.7207462,LOW
66.45037091,77.98755459,3991,1,4039,1,627,84.139965,LOW
34.75248595,74.78716041,3160,1,1380,0,2376,894.9214412,LOW
50.43135569,20.36671378,1377,0,1920,0,1522,546.6852551,LOW
15.7518316,68.04566264,337,0,165,0,1389,974.6998519,LOW
30.50940615,90.93498357,3855,1,3663,1,3939,896.0955974,HIGH
33.52210052,79.21716886,3847,1,3928,1,3937,775.2358886,HIGH
20.60927373,76.13345117,4066,1,3700,1,3966,807.5645703,HIGH
53.55013683,35.01252592,1796,0,2736,1,53,969.1026301,LOW
39.83392147,86.23008697,3959,1,3991,1,3971,686.2544658,HIGH
75.60161994,25.53065247,3264,1,2474,0,2358,978.6312874,MEDIUM
58.97454275,51.56594059,2480,0,2675,1,2518,45.40328147,MEDIUM
31.47664887,47.15761886,2038,0,3888,1,3490,348.8682665,MEDIUM
21.67449876,81.57818533,3678,1,3588,1,3696,882.9293219,HIGH
-12.94734934,70.2943441,3959,1,3741,1,2813,486.5976622,MEDIUM
39.19582041,71.46084545,3514,1,3907,1,3725,592.6384252,HIGH
52.64149716,2.716742123,3992,1,1991,0,1783,463.9313768,LOW
66.04516036,44.20243738,2639,1,2891,1,1993,448.7775738,LOW
-9.597139593,98.76595923,1799,0,2768,1,690,770.7425309,LOW
57.12333866,81.01133947,920,0,1529,0,2455,913.2405526,LOW
21.86542894,98.91469483,3694,1,3681,1,3511,575.8877049,HIGH
58.79713158,78.20153349,2612,1,3657,1,1067,99.86682114,LOW
3.491758714,86.36414213,2935,1,939,0,2518,925.0471753,LOW
58.1632099,25.28136061,4018,1,495,0,205,125.3564758,LOW
68.23282361,80.66935197,3622,1,212,0,3599,754.2482597,LOW
24.27396283,82.60012222,4029,1,3761,1,3982,514.3262138,HIGH
68.73044726,1.215677148,463,0,112,0,3911,51.83579912,LOW
15.51475481,86.82725054,158,0,403,0,1977,742.7065212,LOW
66.80684306,8.430131461,1432,0,643,0,3995,861.3196258,LOW
-33.14957727,53.1169528,1043,0,2166,0,281,39.34354067,LOW
59.46600391,43.08875237,3347,1,2560,1,1799,617.1449866,LOW
36.19520547,75.48378199,310,0,2717,1,207,409.477853,LOW
10.41424734,90.53598743,2354,0,1098,0,942,191.2604179,LOW
2.402267363,58.36561119,2779,1,3775,1,868,974.3948077,LOW
36.06489809,99.59689342,3690,1,3534,1,3699,838.8616206,HIGH
51.92777318,78.84473433,844,0,3808,1,3278,260.2868576,MEDIUM
16.98638522,38.25262802,3350,1,629,0,347,974.1646286,LOW
27.88783568,26.70282702,1285,0,3239,1,215,797.4260216,LOW
26.7418082,75.66358038,1547,0,1548,0,294,193.1328646,LOW
27.42339032,93.56929311,4043,1,3575,1,3886,946.9926025,HIGH
-15.46713113,51.97042629,3654,1,2145,0,3066,605.4826692,MEDIUM
-10.97274061,1.240403628,3447,1,1226,0,2867,301.2652608,LOW
0.08599588,73.26990506,2893,1,3130,1,3140,68.35320031,MEDIUM
20.73290658,23.25513584,3244,1,127,0,1979,776.7236305,LOW
27.03708757,34.31673532,3350,1,1819,0,1431,652.2916486,LOW
36.89724655,76.71947638,4055,1,3990,1,3898,806.3979178,HIGH
-39.68859707,86.8301107,2055,0,1715,0,624,597.2780823,LOW
-8.212546332,64.52898375,3747,1,1376,0,1922,401.187914,LOW
-28.84850267,25.70472664,455,0,1012,0,1766,864.686192,LOW
30.49799973,83.53579574,3765,1,3868,1,3990,794.6073072,HIGH
38.56508904,82.37673958,1609,0,1230,0,3046,776.7904834,LOW
34.57312568,79.4609123,3928,1,3647,1,3768,584.7520459,HIGH
23.69264915,80.26322863,3932,1,3980,1,3968,867.4629237,HIGH
45.71919629,46.17161438,3072,1,166,0,1006,694.5954273,LOW
8.767076993,32.39900611,2001,0,3744,1,2054,633.2407749,MEDIUM
75.03526128,18.43709207,692,0,28,0,3363,770.9859255,LOW
-24.62851044,33.8267506,935,0,1688,0,3473,224.6156118,LOW
32.41383121,66.82127986,2889,1,1026,0,961,463.4940438,LOW
-37.79311881,91.42988066,3924,1,2981,1,2089,576.5164755,MEDIUM
42.79996848,69.00965582,3953,1,2408,0,2052,497.3124462,MEDIUM
62.77878094,65.86936316,515,0,1782,0,3087,70.5687474,LOW
18.17959656,69.24360329,1257,0,3898,1,683,244.1255222,LOW
29.62658225,55.96884448,1054,0,1457,0,3459,167.3597331,LOW
4.664047019,33.30348718,1361,0,1187,0,1573,383.2842396,LOW
-39.61985817,64.01983116,2784,1,3646,1,3935,240.3823887,MEDIUM
37.26931461,76.69186185,3944,1,3956,1,3937,711.773958,HIGH
-38.23679336,37.90940487,1815,0,2915,1,3841,19.32763092,MEDIUM
12.64936105,57.74862709,2192,0,4033,1,1248,391.4821102,LOW
28.29651311,81.61823234,4058,1,3743,1,3680,721.0167105,HIGH
-31.09109524,22.63514943,2381,0,4090,1,2269,598.8082964,MEDIUM
39.36152763,83.40143582,4078,1,3572,1,3749,502.5132763,HIGH
-3.608138239,53.70824272,2660,1,1595,0,3040,827.8690038,LOW
64.06579773,35.41466708,1906,0,1654,0,3086,104.8691665,LOW
21.6123081,98.18705767,3538,1,3777,1,3988,914.2193355,HIGH
33.27047188,82.33592467,3661,1,3639,1,3850,678.3843558,HIGH
-19.34929248,97.2419999,894,0,3854,1,1111,159.0250037,LOW
31.578257,54.56868885,2338,0,3338,1,1963,14.66705705,LOW
46.21447368,86.26404711,524,0,1506,0,3311,800.0034818,LOW
-34.67480038,85.21935333,169,0,1560,0,520,329.0513654,LOW
39.26959895,73.24133678,3525,1,3636,1,3798,638.9225816,HIGH
2.826317021,35.37891587,2099,0,1334,0,3927,789.2928483,LOW
-31.70406566,43.71653888,1525,0,13,0,1851,405.0207991,LOW
-1.460541684,22.01113259,1717,0,2106,0,205,372.5332738,LOW
22.76250586,95.77335273,3875,1,4007,1,3767,678.285663,HIGH
-3.032704978,54.25402306,954,0,1045,0,3954,636.3326182,LOW
22.54738947,73.78813411,4026,1,3809,1,4055,962.1271373,HIGH
44.96870934,2.05844943,769,0,2853,1,2391,832.4426408,MEDIUM
-33.08229014,34.24479788,1003,0,358,0,1556,966.4173859,LOW
-28.51425334,2.363858605,3726,1,3231,1,2466,607.0940361,MEDIUM
22.39123996,87.17928559,3775,1,3742,1,3572,902.0478348,HIGH
18.27076396,2.753671987,442,0,3843,1,3650,964.0174071,MEDIUM
-34.79049606,63.31513756,2938,1,3189,1,2188,601.6118201,MEDIUM
33.94048332,80.88948521,3523,1,3997,1,3549,653.1504984,HIGH
61.24847917,25.39748746,288,0,1953,0,723,739.2947352,LOW
23.15341524,46.31727168,3949,1,2894,1,1011,303.1940595,LOW
-36.03391205,34.5071248,2432,0,1076,0,3474,680.7054516,LOW
-9.530150328,24.68760628,3878,1,1636,0,3457,712.2705899,LOW
56.47723753,53.84014904,3029,1,3232,1,920,737.8557669,LOW
26.38090149,82.46542189,3830,1,3574,1,3748,621.289133,HIGH
8.091567305,55.96403313,830,0,2972,1,3715,181.9281305,MEDIUM
25.0836398,95.14785597,1473,0,3292,1,2501,914.236516,MEDIUM
-39.9065481,99.22115593,1184,0,2300,0,459,611.6531605,LOW
51.6326953,14.01131758,2761,1,4077,1,3229,487.4311982,MEDIUM
44.27105192,99.2816839,1356,0,0,0,2174,274.7315255,LOW
8.333099988,97.02353444,1095,0,3258,1,3864,741.6026195,MEDIUM
21.77808247,35.92333694,129,0,2938,1,3814,163.5238726,MEDIUM
-27.18927209,33.56600648,1145,0,3719,1,1371,646.8483617,LOW
56.59867996,26.98207201,59,0,1901,0,2962,498.2556823,LOW
66.40164648,26.08936233,3977,1,1631,0,2809,933.4363081,LOW
57.73621791,28.18547748,3267,1,1516,0,825,696.7371654,LOW
2.075231745,3.320310879,2163,0,2241,0,3737,396.9232762,MEDIUM
-31.67664389,10.07780014,3969,1,2082,0,3324,94.44296076,MEDIUM
36.9819604,81.50191423,4052,1,4074,1,3622,918.2210962,HIGH
-21.28229636,47.84961163,1289,0,1943,0,1447,303.6239381,LOW
32.28971555,87.43586271,3979,1,3951,1,3622,540.8336379,HIGH
48.49205225,51.22219208,2148,0,3576,1,1031,41.6729006,LOW
52.22232374,11.31098191,344,0,3072,1,813,918.677797,LOW
56.04258548,66.26645131,2532,1,935,0,3730,596.3215189,LOW
29.33456188,72.30168481,3833,1,3772,1,4046,829.051109,HIGH
31.04732276,87.85689198,3956,1,3791,1,3688,788.4908062,HIGH
76.85066226,23.27713404,3005,1,1899,0,2734,618.3860093,LOW
-15.04523689,4.198542891,2565,1,1895,0,2763,181.7232932,LOW
-17.59320451,9.403610443,2555,1,484,0,475,757.4818848,LOW
7.598192235,89.18969088,1217,0,1445,0,1540,513.3261687,LOW
76.26534263,74.96518317,1250,0,1030,0,947,758.2631959,LOW
40.35231394,6.993160571,159,0,1735,0,2196,271.1474365,LOW
38.08486583,81.24165912,4074,1,4054,1,3511,705.247897,HIGH
-18.94100471,56.77273179,1016,0,1630,0,2235,489.6244621,LOW
-21.75701762,6.134962711,3538,1,641,0,1953,459.8004238,LOW
36.25323748,9.072170223,1629,0,3430,1,3746,57.70292842,MEDIUM
18.15219044,75.42535443,1950,0,982,0,1079,297.3550482,LOW
70.16918626,28.00373296,1967,0,2994,1,4088,292.2182305,MEDIUM
79.96612079,99.66368371,1460,0,2724,1,3094,768.9874152,MEDIUM
36.24516242,81.52127915,4007,1,4086,1,3571,547.4826376,HIGH
26.10288447,8.698675991,983,0,2375,0,3195,372.688517,MEDIUM
-19.37818224,63.78770927,628,0,386,0,3585,529.9915229,LOW
33.19959893,83.31949117,34,0,1585,0,2253,391.0606076,LOW
-37.63473547,10.4108582,3310,1,3680,1,3300,178.5446621,HIGH
28.47795487,56.80925123,2420,0,3299,1,483,548.3820362,LOW
35.11276041,82.04268438,1191,0,284,0,3913,206.6843599,LOW
-31.02145538,43.84567153,3155,1,2040,0,3970,985.3038323,MEDIUM
17.04879294,63.43397397,1316,0,1525,0,2857,104.808065,LOW
9.937444117,51.38507346,2535,1,2032,0,1932,889.8837265,LOW
-26.86388816,39.16301405,963,0,1828,0,3211,956.4156976,LOW
64.51629485,71.40869321,3389,1,250,0,1107,339.4501925,LOW
-9.912320733,63.30980634,2868,1,3472,1,454,573.2943782,LOW
-25.42055307,63.46392565,114,0,1257,0,2979,118.4150392,LOW
-33.71933491,37.84764235,2661,1,1494,0,1232,995.4804907,LOW
-24.64141498,88.21356143,3988,1,3959,1,1449,827.8683753,LOW
-16.88811667,11.52820212,826,0,3294,1,726,795.341838,LOW
21.45469896,78.4180244,3938,1,3808,1,3646,996.2573101,HIGH
32.83639034,82.3236643,3610,1,3967,1,3636,707.7215003,HIGH
3.368453488,85.97946748,3089,1,3779,1,2959,328.2331057,MEDIUM
74.69893805,2.514195828,342,0,2485,0,3502,82.20706371,MEDIUM
58.65237927,38.04200075,3986,1,2551,1,2756,964.4766539,MEDIUM
14.04451235,75.61633289,656,0,3027,1,1423,664.9117245,LOW
62.86151084,90.61432548,1649,0,2976,1,1898,983.5214727,LOW
28.30249879,70.42992718,3932,1,3915,1,3764,510.5105534,HIGH
30.58427203,48.09728899,525,0,335,0,3586,64.85359448,LOW
14.05991024,1.326496116,600,0,2041,0,2363,563.2882178,MEDIUM
20.73247476,93.20143423,2892,1,901,0,2026,593.8830976,LOW
-21.80988486,3.093764473,3807,1,3140,1,3055,773.5388915,HIGH
-17.66782986,80.26433098,3145,1,3653,1,703,482.9688721,LOW
-0.987518148,68.63271967,155,0,2248,0,1070,174.8814372,LOW
54.05501414,55.42265141,2645,1,2613,1,2281,760.99076,MEDIUM
56.31683748,99.72378999,2259,0,1774,0,1828,897.3658658,LOW
23.58063275,93.92542136,3565,1,4087,1,3869,665.9932357,HIGH
0.949739315,38.01956188,4065,1,3371,1,303,580.1723692,LOW
26.30011609,52.01698923,1228,0,1489,0,3130,775.3461504,LOW
29.32232585,83.36159578,3584,1,3911,1,4066,623.6998735,HIGH
35.85077954,57.70406645,2015,0,2130,0,1313,6.08874824,LOW
-16.09416701,89.02150026,3323,1,3384,1,234,367.7859878,LOW
29.86384959,37.11724234,3896,1,4000,1,1141,705.5858626,LOW
71.70648465,82.67146599,1642,0,1697,0,3730,564.9843577,LOW
-39.04427143,92.45610554,2330,0,1688,0,2359,553.3801879,LOW
1.681199151,89.98333457,2001,0,1171,0,671,663.7896862,LOW
10.15879206,8.884024509,597,0,1687,0,3062,545.1055283,LOW
63.44511812,84.45493985,401,0,1296,0,1466,828.9154742,LOW
78.53426243,13.64397526,3668,1,3445,1,3729,404.3187681,HIGH
61.19914013,48.509466,2994,1,717,0,2677,791.5582026,LOW
10.25246299,38.31385282,2681,1,3067,1,3629,46.96596678,MEDIUM
73.31019166,86.71989336,2207,0,1931,0,3546,800.9492947,LOW
-10.48507259,16.06813733,2890,1,1630,0,3517,285.0951687,LOW
31.08203943,91.23633456,1291,0,3623,1,3714,622.9665836,MEDIUM
47.46337307,9.539927731,2660,1,3522,1,3226,29.16976365,MEDIUM
77.142437,68.34537774,2202,0,3327,1,1204,800.0734321,LOW
20.75192714,63.41040314,3333,1,1936,0,2261,254.3915808,LOW
23.01960604,70.90462617,2359,0,2345,0,3312,567.3122196,MEDIUM
51.57863495,40.83063428,4083,1,3472,1,3725,903.6078443,HIGH
-30.68310688,82.88712763,3110,1,2308,0,661,521.599396,LOW
-13.13811209,82.17906368,1489,0,2581,1,603,347.6192145,LOW
8.915942958,46.9525542,2135,0,3200,1,3907,210.0293495,MEDIUM
-9.696666151,35.92507479,1307,0,2734,1,3192,605.5381576,MEDIUM
35.77027055,53.25040664,204,0,831,0,2607,605.6378893,LOW
67.35713571,0.044278144,2787,1,3318,1,3336,153.8070246,MEDIUM
4.944814262,95.07143064,1130,0,1638,0,1095,598.6584842,LOW
-35.01125691,14.8343201,2740,1,3882,1,2289,965.1186964,MEDIUM
65.80287342,81.41256856,1619,0,68,0,3666,110.4318634,LOW
-3.941273728,32.58231176,3735,1,998,0,2809,461.4455119,LOW
31.43991757,94.16296988,3526,1,3780,1,3810,576.9499523,HIGH
66.81164422,34.58774607,3219,1,3515,1,1810,25.44775991,LOW
-2.312704601,25.43219812,981,0,1821,0,1154,879.821914,LOW
34.95962826,38.19396397,2993,1,3453,1,962,121.3864182,LOW
55.67544389,14.99174273,2094,0,129,0,2371,722.2525684,LOW
34.07164545,98.04627251,1329,0,1358,0,2145,636.6443216,LOW
74.64016238,78.69033863,392,0,571,0,424,688.1347061,LOW
-28.09862805,40.14943159,873,0,3081,1,3937,204.0356346,MEDIUM
15.52107261,98.09873782,1771,0,3070,1,2867,863.5475225,MEDIUM
31.84602742,90.83961318,3630,1,3974,1,3687,564.1629311,HIGH
67.46278742,38.92016787,395,0,75,0,2492,905.3819764,LOW
37.67129457,78.11859984,3621,1,3950,1,3839,737.2174468,HIGH
-2.626688315,22.73956209,1934,0,1332,0,2708,379.3056984,LOW
-36.26391005,65.16668254,3595,1,2255,0,1809,864.3582498,LOW
26.51646922,73.83323958,3895,1,3641,1,3836,832.5279945,HIGH
49.28511716,25.08605273,3545,1,1150,0,116,80.87296662,LOW
18.12781371,66.08201183,207,0,21,0,899,597.4758626,LOW
8.036058669,69.76675737,899,0,280,0,359,696.5014662,LOW
64.04377953,57.86754086,2467,0,1535,0,1273,725.2576604,LOW
-0.768206039,14.88880503,1014,0,1124,0,1093,876.6507618,LOW
8.828955287,87.07534503,2632,1,488,0,3828,567.016261,LOW
54.70054863,49.84421989,2158,0,2081,0,2275,537.1065418,MEDIUM
59.92165632,1.103161426,1656,0,3091,1,3489,758.6763901,MEDIUM
60.72061908,0.381992266,2372,0,1180,0,2987,740.9040562,LOW
-24.5501922,33.00995133,3994,1,2094,0,3144,92.29058623,MEDIUM
-8.781065085,73.0820965,2361,0,3202,1,2068,256.5300624,MEDIUM
12.69618903,37.69444294,3762,1,1046,0,3708,301.3778742,LOW
58.16177191,86.07305833,3430,1,648,0,709,510.7473026,LOW
74.42421174,88.16156399,1857,0,1857,0,804,833.7919509,LOW
-30.93959634,75.32462207,777,0,2209,0,1481,897.4304098,LOW
-37.69692678,25.98132087,2697,1,1446,0,3542,137.1097057,LOW
32.59641309,82.096319,3957,1,3696,1,3729,765.6470092,HIGH
50.2883744,70.69804612,3482,1,2243,0,950,143.1279855,LOW
-26.57432601,51.64243882,2032,0,241,0,2761,942.5313075,LOW
45.60195031,89.52068377,2797,1,4076,1,2410,532.1134853,MEDIUM
-38.53563132,59.84427012,1955,0,3354,1,3363,716.1790747,MEDIUM
21.70813261,59.24145689,3202,1,2068,0,3556,607.5448519,MEDIUM
46.92132876,74.57533791,1359,0,3249,1,2640,584.6680902,MEDIUM
-19.14860882,71.20140203,3831,1,980,0,1241,100.6374785,LOW
-34.27406468,56.60372105,3506,1,3356,1,996,120.1646478,LOW
25.43573032,81.97500384,3868,1,3731,1,3719,948.9676467,HIGH
24.31001518,80.08021177,3639,1,3571,1,3980,886.6905239,HIGH
-11.96706987,4.209318964,704,0,2632,1,2996,987.7223897,MEDIUM
26.92907191,58.65354347,2795,1,2660,1,2642,378.772626,MEDIUM
15.0117709,72.50060763,687,0,935,0,529,667.2123372,LOW
55.85398829,99.79341105,4083,1,476,0,28,767.1882889,LOW
55.92990548,69.46964709,3549,1,2322,0,101,590.2306669,LOW
30.80557786,72.37840854,3782,1,3655,1,4043,954.0092727,HIGH
-28.73712582,90.96268194,1347,0,727,0,1058,829.2867993,LOW
67.61460919,47.39616403,92,0,2681,1,671,172.3198712,LOW
37.46086294,75.0657539,4018,1,3963,1,3782,979.7360915,HIGH
70.55690147,58.31908043,4039,1,3221,1,2923,354.9246609,MEDIUM
-10.21282687,57.76319541,1203,0,1184,0,709,33.87916025,LOW
-12.57399738,17.49549271,623,0,880,0,1016,516.6358913,LOW
71.92526098,54.42539661,3757,1,2880,1,2434,616.7836079,MEDIUM
-34.54643436,28.09631896,2783,1,3019,1,2831,890.2637839,MEDIUM
74.81597786,50.04011457,1576,0,1681,0,1378,457.6996052,LOW
62.13640058,31.69220052,127,0,1758,0,2065,556.8012625,LOW
-8.71440401,6.925430629,216,0,2814,1,377,478.2552946,LOW
47.54098744,76.5512899,1205,0,187,0,685,610.2251495,LOW
-39.31377024,46.58257532,350,0,2828,1,3726,304.0302724,MEDIUM
20.21430595,86.32772011,3500,1,3735,1,4045,684.5680969,HIGH
-12.54422014,7.697990983,1722,0,2625,1,3314,161.2212873,MEDIUM
22.42286279,44.76029403,3525,1,847,0,3339,166.0343134,LOW
60.25762837,37.03969863,123,0,2693,1,3940,474.0064285,MEDIUM
23.09751186,51.16813866,3739,1,2468,0,2980,645.7405101,MEDIUM
61.23795969,98.11925292,2380,0,1691,0,2097,853.7849217,LOW
15.07286199,73.27334748,1337,0,337,0,1184,672.8716686,LOW
29.53677755,88.90279381,3721,1,3754,1,4029,653.4861411,HIGH
72.13232322,35.16226872,1825,0,3055,1,1357,485.8717592,LOW
12.12732386,35.00784077,3680,1,1504,0,2331,668.9240597,LOW
-35.2280842,60.40716771,282,0,361,0,3719,238.8566604,LOW
32.94862569,30.93727179,3372,1,3321,1,2649,955.0605115,MEDIUM
23.61036457,77.87411755,3995,1,4012,1,3880,555.6043737,HIGH
67.02717239,30.60514635,493,0,1094,0,1546,789.4094219,LOW
-3.884371966,70.81720886,917,0,2752,1,2448,582.1704602,MEDIUM
25.65602261,82.55746857,3648,1,3603,1,3614,646.8879531,HIGH
20.67609841,94.11208125,2144,0,136,0,2928,102.5679626,LOW
41.12315457,70.66298699,559,0,99,0,3397,312.9073942,LOW
22.11706472,96.19058182,3691,1,3844,1,4051,699.7593923,HIGH
-32.85703596,60.37954529,2897,1,989,0,1681,114.4876381,LOW
34.36393282,56.19928475,3604,1,2010,0,2243,315.1895211,MEDIUM
34.79577522,33.08980249,3119,1,1751,0,502,310.9823217,LOW
63.55668788,53.1889079,2667,1,757,0,3089,296.786682,LOW
38.63388916,99.17426172,3830,1,1602,0,854,77.07801195,LOW
22.70919192,29.9565678,2983,1,3817,1,1680,500.6242681,LOW
48.26067278,23.58575991,830,0,475,0,1651,62.5422269,LOW
-12.71712399,34.16745019,2408,0,2808,1,340,346.3217686,LOW
0.386505787,65.57226354,2652,1,3069,1,3993,681.613669,MEDIUM
-39.37781647,62.78944149,19,0,4077,1,2368,70.940917,MEDIUM
73.57478158,89.25582275,404,0,873,0,461,780.365503,LOW
10.36727803,63.85259477,3845,1,1410,0,1682,274.2152023,LOW
53.0965683,94.12375042,3936,1,1768,0,1,534.242206,LOW
15.82467347,6.01423426,3883,1,1868,0,1465,957.6252845,LOW
-27.50684207,72.43388171,2601,1,1005,0,2335,274.1606666,LOW
-20.10705518,94.5698147,3183,1,97,0,1080,669.0223373,LOW
17.78268218,11.7308189,3344,1,1763,0,3965,685.5652872,LOW
31.74799746,92.1874235,455,0,1016,0,3533,195.9828624,LOW
0.223668998,80.28534486,116,0,574,0,3737,333.4991717,LOW
26.45626889,30.55243107,1203,0,3267,1,1725,447.2025405,LOW
28.59245728,78.36814228,3840,1,3805,1,3503,801.5960828,HIGH
2.512131781,94.90711963,1581,0,3645,1,2500,620.9085902,MEDIUM
36.67392624,75.90358455,1508,0,1223,0,2421,637.2315798,LOW
-12.87652026,64.04760422,436,0,1076,0,2828,603.493096,LOW
30.36154996,76.41984036,3880,1,4015,1,3828,802.4197147,HIGH
35.41208569,48.18674793,2832,1,1134,0,3907,949.2086269,LOW
25.37931891,16.52420504,1982,0,908,0,1303,999.7138042,LOW
-2.39824989,78.89324718,2958,1,2224,0,818,433.8174196,LOW
28.86095049,41.56038959,3008,1,153,0,2161,902.2364035,LOW
20.70664147,61.14542354,3694,1,3531,1,1639,872.1239089,LOW
74.296054,22.67273823,3626,1,3166,1,1481,808.7899846,LOW
48.01840958,11.61909565,2262,0,3548,1,3474,785.2688115,MEDIUM
-23.30609813,25.42313837,234,0,3607,1,3084,182.8072367,MEDIUM
25.36348735,80.83224179,3723,1,3529,1,3645,528.3402161,HIGH
33.68975734,85.95652316,2601,1,2672,1,2068,956.2221906,MEDIUM
68.94393566,31.61965823,1065,0,1863,0,2136,682.9820634,LOW
-29.02157951,87.74608626,3394,1,3720,1,2682,129.5149213,MEDIUM
70.1886904,10.18036829,1289,0,104,0,314,220.852783,LOW
32.0630024,90.47597379,3815,1,3595,1,3529,689.0503849,HIGH
-37.624521,39.0682111,1924,0,2949,1,3354,411.6554605,MEDIUM
-23.29623705,89.82616273,237,0,2530,1,2428,317.5314479,MEDIUM
70.27118404,25.22410202,3468,1,1927,0,3069,460.5394973,LOW
-26.07128314,4.600264202,1008,0,3059,1,2141,855.460584,MEDIUM
9.996686929,58.11626212,1944,0,797,0,2497,82.74842004,LOW
31.41580099,0.992382113,170,0,3259,1,2456,963.4992409,MEDIUM
31.34781888,93.88730828,3589,1,4088,1,3795,805.053961,HIGH
56.18445343,95.95766443,163,0,699,0,464,109.7361987,LOW
-13.16849938,96.32225394,3627,1,1852,0,684,969.8788267,LOW
63.92766674,4.521867011,3190,1,3136,1,1015,376.4633669,LOW
49.21085433,61.19405053,1653,0,1053,0,2066,151.5693716,LOW
13.8623686,8.439238054,1998,0,573,0,3033,910.1346368,LOW
63.43842901,46.01622645,3750,1,4078,1,3157,290.5875598,HIGH
5.119146793,55.00919405,4089,1,4083,1,3032,163.6838015,HIGH
35.82046546,44.8445522,3170,1,2938,1,395,328.6645454,LOW
26.83694571,96.21624867,4040,1,3616,1,3660,783.4463981,HIGH
5.327466341,53.43274735,595,0,396,0,1903,389.6180862,LOW
74.66284351,1.823258268,406,0,1838,0,2666,7.562874978,LOW
33.6530521,77.06868554,3827,1,3558,1,3678,972.8748511,HIGH
23.25075975,90.26863929,4015,1,3759,1,3926,849.0992153,HIGH
27.06205778,93.99350093,3521,1,3633,1,3949,912.9661543,HIGH
-5.062690266,20.70949182,1082,0,3996,1,643,899.4552125,LOW
48.45158605,97.45918113,939,0,821,0,3220,682.1938806,LOW
68.77051567,16.38810238,1994,0,3758,1,490,809.8601874,LOW
19.33043656,5.755876002,3294,1,1238,0,633,441.5305014,LOW
-36.24240491,84.22847746,1579,0,995,0,161,395.150236,LOW
15.37729575,63.72014768,2849,1,2247,0,775,895.1177407,LOW
5.469233367,0.67103903,3054,1,2442,0,1502,791.7202593,LOW
-17.355147,27.88713526,1682,0,403,0,2863,846.6611422,LOW
-10.97772509,9.310276781,3723,1,4090,1,452,900.4180572,LOW
5.080670226,29.68692746,454,0,3136,1,1624,328.3812279,LOW
-0.062105691,73.05491368,2601,1,1646,0,1471,166.73076,LOW
78.683403,62.61761716,3087,1,2479,0,2524,838.1521836,MEDIUM
36.52129369,90.19276393,3887,1,4086,1,3549,698.4960811,HIGH
73.8615147,3.142182151,386,0,3851,1,2158,330.2427793,MEDIUM
79.86711344,32.66392494,2846,1,2505,1,1114,806.665053,LOW
53.25762991,55.84042497,90,0,38,0,713,906.3543851,LOW
31.1653201,39.15256982,1492,0,2452,0,821,695.6181465,LOW
-21.69531485,57.62883602,3449,1,3100,1,1928,424.1306713,LOW
-33.15343346,28.21870747,1243,0,3291,1,902,246.9787991,LOW
20.70232315,84.0703028,460,0,1724,0,2325,542.2372055,LOW
37.41376911,72.50574744,3899,1,3623,1,3570,525.6469245,HIGH
25.07168234,84.12850176,3847,1,3680,1,3820,826.0465309,HIGH
-4.325105163,9.206698608,3179,1,2414,0,402,623.6487783,LOW
-27.73448029,91.87505223,3204,1,126,0,2935,23.02260479,LOW
-30.82997687,27.93677139,241,0,2279,0,3897,253.0584328,MEDIUM
30.89544454,74.07064953,3875,1,3816,1,3762,820.482764,HIGH
39.70420557,19.92459544,1998,0,3596,1,2878,126.3564813,MEDIUM
27.09663711,93.40637946,3839,1,3744,1,3846,630.5812163,HIGH
-21.42056649,94.47362588,661,0,2938,1,2994,882.9938248,MEDIUM
-18.66803346,69.16180556,608,0,1575,0,3331,633.189626,LOW
27.92001933,73.99029397,3735,1,3584,1,3938,974.6365531,HIGH
49.74062893,15.06081032,391,0,2581,1,768,463.9901315,LOW
65.79645593,96.13152882,2808,1,425,0,4082,879.0714802,LOW
-37.19774844,75.6213614,910,0,2532,1,244,289.244772,LOW
17.203457,39.43653238,2390,0,2411,0,1349,746.8757161,LOW
-20.16796731,1.563640674,2568,1,2695,1,1367,394.8815182,LOW
-14.11898171,65.88854702,3124,1,3673,1,1327,651.232977,LOW
-24.39031962,2.242588916,3770,1,1994,0,2964,783.7382511,LOW
13.52069275,18.51329288,1341,0,1799,0,3663,872.9458359,LOW
-27.49036407,84.0439632,2826,1,1636,0,1430,122.8107818,LOW
20.51139598,93.63910401,3643,1,4083,1,3610,633.7076392,HIGH
-27.05302876,3.142918569,2790,1,95,0,3312,314.3559811,LOW
-12.80123173,35.49963058,707,0,3713,1,1804,519.0597909,LOW
-2.825456895,29.0045532,3447,1,4068,1,3093,672.7029942,HIGH
31.30839935,83.2675683,4085,1,3813,1,3989,542.0638311,HIGH
-2.643076101,61.03337833,1681,0,2691,1,1,272.6240007,LOW
-22.12003166,69.54156483,1099,0,1140,0,541,981.9691904,LOW
41.69070716,46.67820772,1017,0,882,0,3595,969.6077268,LOW
38.85318354,72.48202119,3702,1,3736,1,4072,889.9941635,HIGH
52.86014278,36.27578947,1076,0,3577,1,2987,219.5105251,MEDIUM
70.34372296,99.32550154,3743,1,3824,1,600,761.0079235,LOW
-14.4726526,94.61945429,1167,0,3764,1,2616,113.464602,MEDIUM
66.01577156,44.83190554,1036,0,2334,0,942,626.5925111,LOW
21.9560418,32.29564729,656,0,3675,1,119,270.8322513,LOW
-17.18708203,79.25951163,3642,1,618,0,2172,943.7015928,LOW
-22.90053485,49.88881535,1109,0,713,0,2139,702.4649705,LOW
23.22437624,89.69228811,3645,1,4025,1,3887,781.0944055,HIGH
48.27957371,99.83475114,1019,0,2448,0,1141,642.5651995,LOW
-15.39069278,96.79940665,2883,1,531,0,1810,199.5069273,LOW
-18.96036761,1.716110183,2521,1,1635,0,2479,806.9129771,LOW
-30.91603272,38.78260899,1255,0,2607,1,2705,901.7740285,MEDIUM
53.20526683,6.536615756,1836,0,2643,1,1251,33.61360018,LOW
-29.75803983,99.68742518,2608,1,3212,1,326,595.3850173,LOW
64.1665187,96.32366534,3511,1,2350,0,3675,731.270067,MEDIUM
52.19280966,41.77667822,3430,1,4061,1,339,737.5823016,LOW
64.9072069,0.018839956,1466,0,2605,1,3674,389.7593874,MEDIUM
-23.93774574,1.367196483,2870,1,2756,1,517,691.7143972,LOW
21.5437506,75.0966122,3964,1,3919,1,3993,759.2808443,HIGH
71.81044633,39.70150412,1572,0,855,0,816,617.0665161,LOW
35.02354274,92.61604248,3509,1,3504,1,3710,952.1798875,HIGH
64.3715812,73.0496361,2005,0,1878,0,2016,796.2405956,LOW
12.49699064,90.41586945,1331,0,3031,1,248,513.9894892,LOW
76.38972774,84.21189231,1484,0,3170,1,4000,468.6931598,MEDIUM
77.57389494,65.6134018,3711,1,2178,0,3866,686.8609977,MEDIUM
2.716523899,1.581319623,2346,0,2250,0,943,911.1682852,LOW
61.30557689,93.00168348,2733,1,4014,1,3863,208.9187176,MEDIUM
23.26038228,77.01438499,4022,1,4002,1,3904,974.1257689,HIGH
39.93131313,91.01295397,4062,1,3768,1,3920,510.4670589,HIGH
64.80039941,16.17642114,405,0,1339,0,4010,574.5873823,LOW
41.99544519,44.59027064,1453,0,2000,0,737,997.1245002,LOW
39.62021229,0.506158385,1919,0,2869,1,877,548.7337894,LOW
-21.6419439,23.52355848,3179,1,2708,1,1249,472.8919656,LOW
8.958139444,55.17225953,1858,0,1790,0,2007,196.1130997,LOW
21.26259818,81.90265169,3885,1,4067,1,3708,725.633307,HIGH
21.51322208,80.84624196,3942,1,3696,1,3736,792.5392211,HIGH
45.05187863,0.836368188,3306,1,2608,1,897,661.6842884,LOW
50.44386009,78.88069819,2963,1,3395,1,1887,770.8541085,LOW
7.860323564,92.26230581,984,0,1431,0,547,13.40262643,LOW
-38.62232083,45.01165265,201,0,3641,1,2064,103.1213624,MEDIUM
-18.43802694,23.75433249,2381,0,2884,1,1,180.9769527,LOW
58.78088187,52.24810405,1286,0,1062,0,3422,859.4157933,LOW
20.45129023,95.84994654,3990,1,3720,1,3981,945.3292277,HIGH
-33.32158128,84.23140353,2946,1,228,0,242,18.24248143,LOW
50.61647068,62.03095514,577,0,3493,1,2122,212.9641615,MEDIUM
2.638369817,67.39942081,4063,1,3157,1,35,210.5069397,LOW
-10.72124279,97.30105548,3436,1,3354,1,562,892.0465552,LOW
13.49490975,72.45168514,2506,1,2349,0,998,341.0900245,LOW
38.81760339,73.73037524,3941,1,4081,1,3589,588.5767616,HIGH
5.274099573,2.007119778,1976,0,3545,1,1296,211.448007,LOW
-21.74748601,44.03234184,3013,1,2591,1,2413,83.46408499,MEDIUM
49.5448709,65.90355342,3506,1,3088,1,407,105.367534,LOW
53.76186087,96.01677847,2801,1,3115,1,1877,855.206985,LOW
76.38944553,9.390071579,1799,0,516,0,2716,443.7502193,LOW
39.91068279,59.12977877,2773,1,3810,1,4058,561.2434258,MEDIUM
31.93821381,99.9867311,3997,1,3670,1,3737,913.7765261,HIGH
34.87981826,27.36404179,1469,0,3318,1,1366,82.27232428,LOW
29.32598826,92.81726927,3771,1,4010,1,3501,880.2121558,HIGH
18.32186036,92.02971812,3983,1,1249,0,1311,616.4997269,LOW
-28.08373567,20.88640707,362,0,3634,1,2495,414.1502243,MEDIUM
45.40673669,98.11437318,3064,1,1624,0,1355,259.5417832,LOW
-38.00946053,51.20930583,146,0,1843,0,3219,645.1727904,LOW
10.83162349,28.79296165,362,0,3687,1,2443,911.8524088,MEDIUM
22.191244,59.72740724,1776,0,2466,0,1596,260.233368,LOW
38.18350528,79.4163423,3682,1,4077,1,3867,635.8165906,HIGH
-31.49301089,31.28631609,374,0,3062,1,450,850.6802606,LOW
-0.965125797,90.09608957,103,0,3329,1,76,825.4156641,LOW
22.64809227,81.46756756,4014,1,3769,1,3892,801.7644033,HIGH
-10.91083211,11.48368247,2137,0,1828,0,653,288.6305532,LOW
77.29596636,20.08590899,2169,0,105,0,4081,821.440728,LOW
-4.802966706,77.31418739,4025,1,3709,1,2566,348.0955932,MEDIUM
-10.93225386,47.82598842,2369,0,2231,0,449,710.1100564,LOW
-3.171458417,41.49712154,2314,0,615,0,53,386.2119928,LOW
32.71519697,92.63008785,3065,1,200,0,2088,914.9596755,LOW
69.25655341,29.79594515,3177,1,796,0,3634,697.6418715,LOW
41.98976339,49.7174764,3216,1,2791,1,3609,868.9049845,MEDIUM
-10.56573613,15.73406597,2863,1,2604,1,1704,334.0088787,LOW
62.05659377,34.46040844,3489,1,2120,0,762,51.89529952,LOW
31.69655623,98.24422713,4002,1,4030,1,3854,530.4509665,HIGH
-17.11747352,3.654966785,285,0,2065,0,3215,564.8411333,MEDIUM
17.64440982,98.52860507,1802,0,1240,0,852,749.5783,LOW
56.83585891,45.96648704,2761,1,1757,0,2349,432.8160022,LOW
-12.61175638,24.6603635,2459,0,2518,1,3276,747.4444066,MEDIUM
78.18094388,83.88980864,1205,0,1854,0,3030,920.8418826,LOW
32.74264563,59.77235653,2979,1,754,0,1797,655.0093388,LOW
-38.35617395,8.022224646,2548,1,3486,1,2850,15.742913,MEDIUM
41.23289396,83.79083749,2518,1,2872,1,4047,748.3558537,MEDIUM
71.97526813,43.90955653,855,0,1292,0,3353,512.2847572,LOW
52.67612182,62.52047695,2461,0,1472,0,24,50.48894441,LOW
28.5636788,88.96057625,3874,1,3598,1,4081,683.4807035,HIGH
46.56721413,86.28805029,173,0,2478,0,1366,717.5721247,LOW
21.64811944,87.99903575,4094,1,3672,1,4053,772.9617667,HIGH
54.24087813,66.89882547,253,0,1496,0,3298,372.2827666,LOW
24.67481584,89.13322426,3910,1,3926,1,4022,520.7894799,HIGH
42.14858575,8.786811124,1342,0,2824,1,1636,2.710899414,LOW
24.40892008,96.58545316,4003,1,3624,1,3870,689.8083822,HIGH
24.37776218,37.88215656,1900,0,2062,0,2263,603.9578721,MEDIUM
-39.33734595,81.54614285,2640,1,2336,0,391,729.007168,LOW
15.5422346,43.85384885,703,0,3893,1,317,396.7968471,LOW
-0.952036221,74.64914051,1919,0,400,0,1415,849.2234105,LOW
32.9875764,90.06629593,3636,1,3771,1,3653,966.3764695,HIGH
21.42311358,87.21597549,3832,1,3833,1,3694,939.0167564,HIGH
6.784682353,72.98603088,583,0,1132,0,455,670.9430047,LOW
34.79365796,88.36827297,3939,1,3575,1,4001,597.3867488,HIGH
38.13771019,62.09285675,3733,1,1674,0,2320,841.4475531,LOW
46.91423698,74.91616391,1576,0,3117,1,2448,102.7924045,MEDIUM
32.93032197,24.53523142,2294,0,146,0,3630,391.0328691,LOW
27.2094901,90.13812476,3799,1,3634,1,4088,996.2908977,HIGH
40.39009575,4.416543771,1039,0,1817,0,710,999.3534996,LOW
-17.61159293,89.25589985,1354,0,3419,1,1663,807.4401552,LOW
23.62451122,98.71590891,3626,1,3793,1,3982,729.8222987,HIGH
27.86599579,97.9646715,1794,0,1885,0,972,700.2519594,LOW
33.74591125,98.84847421,4056,1,4062,1,3927,744.9352384,HIGH
79.09802026,92.70009679,363,0,148,0,2368,842.0332944,LOW
38.02008205,36.46972495,2667,1,130,0,2235,481.0618838,LOW
20.98385321,69.58128068,1794,0,1955,0,659,325.9589052,LOW
32.51363825,86.51595042,3843,1,3652,1,3534,948.2873292,HIGH
58.69766764,13.25246727,2869,1,1805,0,1312,922.7571905,LOW
31.77351552,3.338360179,3591,1,687,0,612,732.6352347,LOW
36.2032218,82.8902009,4027,1,3541,1,3681,956.5207334,HIGH
34.20229533,72.87187164,3635,1,3986,1,3670,631.1714834,HIGH
51.73288737,40.96710534,1777,0,3109,1,120,260.236598,LOW
38.25784889,86.97064516,4025,1,4008,1,3738,569.7994337,HIGH
9.048100532,2.538635566,3547,1,3420,1,1823,715.9722288,LOW
20.16118207,98.29524469,3993,1,3505,1,3503,884.0640892,HIGH
25.29031608,78.39677957,3757,1,3553,1,3620,709.8136914,HIGH
-19.53017061,94.81083202,1573,0,178,0,1811,788.8022639,LOW
31.75983259,82.79499242,3547,1,3509,1,3990,543.8941185,HIGH
22.33847071,90.46459485,3749,1,3569,1,3801,816.1190754,HIGH
53.96199648,71.50387189,3797,1,1111,0,2341,895.7267259,LOW
23.61570301,78.06392845,3938,1,3544,1,3901,653.2077247,HIGH
-20.36128686,16.42657979,2052,0,3481,1,2898,665.1972207,MEDIUM
21.72064314,71.71080742,4050,1,3938,1,3934,792.7938419,HIGH
71.5251187,55.6762893,1415,0,3371,1,3097,279.9790937,MEDIUM
29.81530013,82.19670351,3905,1,3571,1,3921,984.9632627,HIGH
39.62483195,97.97466771,3945,1,3867,1,3615,734.3949403,HIGH
49.76056836,81.27136199,892,0,2074,0,3839,967.2635875,MEDIUM
14.38890162,3.231595111,1224,0,2508,1,928,411.2067209,LOW
28.15342767,91.54882976,3853,1,136,0,334,697.4202672,LOW
77.24083453,10.18931009,369,0,3490,1,1818,433.5827926,LOW
-11.49922344,40.02228929,1531,0,928,0,3440,82.89132169,LOW
49.08176607,81.51183845,1754,0,2159,0,922,687.8841099,LOW
26.96507902,81.17522169,1899,0,1923,0,1284,881.4507797,LOW
53.36302918,76.08513309,837,0,3940,1,2007,88.38494698,MEDIUM
51.32453483,95.07727077,430,0,532,0,792,298.0522086,LOW
0.233486009,6.701653775,1654,0,3135,1,3339,816.9739073,MEDIUM
-33.20972126,37.3921047,451,0,3765,1,2336,641.7343973,MEDIUM
50.84974425,37.78505493,3156,1,2048,0,3149,205.0453285,MEDIUM
-34.76754739,99.45505108,2205,0,2565,1,2524,279.5603418,MEDIUM
-39.36399923,97.50671629,1629,0,2621,1,2551,722.8960966,MEDIUM
-30.08588038,51.46575866,3408,1,359,0,1246,782.4849246,LOW
21.82281279,78.57701601,3814,1,3591,1,3943,584.9362972,HIGH
10.60447215,13.22762111,2076,0,804,0,3180,691.2218576,LOW
1.441034269,33.56104543,1331,0,3646,1,2292,856.5372237,MEDIUM
33.67732904,85.94716458,3525,1,3889,1,3504,655.9010685,HIGH
30.43238079,58.09503799,1596,0,2730,1,1564,756.7301671,LOW
-3.446347699,9.767211401,1363,0,1478,0,2139,440.1524937,LOW
38.89331464,88.29824676,3814,1,3728,1,3973,892.9063227,HIGH
36.02356529,53.57746841,2799,1,1147,0,2191,835.3024956,LOW
33.02327272,34.95063721,424,0,3779,1,2208,151.2468287,MEDIUM
25.09652042,14.96014495,271,0,2985,1,3642,414.4697155,MEDIUM
21.92948245,90.65137194,1346,0,2087,0,1591,662.1120101,LOW
60.31976765,23.5792094,793,0,477,0,3591,405.3101831,LOW
5.935851732,82.18309466,657,0,383,0,3389,796.2414505,LOW
-21.72044926,26.61680125,3701,1,3878,1,2780,583.2574925,MEDIUM
7.424711157,95.2896796,929,0,2409,0,1270,392.7937758,LOW
76.16789745,6.656472791,2872,1,2881,1,3120,74.10542257,MEDIUM
36.11957802,87.76050528,3839,1,3627,1,3624,512.3420786,HIGH
24.95198944,96.29920039,3902,1,1245,0,1435,632.6218931,LOW
53.75862269,57.82983994,2314,0,3431,1,460,811.1237699,LOW
8.391363335,22.05611249,4021,1,902,0,1982,203.5782803,LOW
25.40323027,98.46697395,2581,1,3537,1,2907,43.1737358,MEDIUM
77.88543403,11.20389022,3393,1,3,0,467,969.4704333,LOW
-30.07157973,48.45379951,3446,1,2143,0,10,563.4083645,LOW
-0.212236112,85.50302016,2971,1,2883,1,3565,71.15828517,MEDIUM
29.30673868,70.41047244,4004,1,3820,1,3538,815.687663,HIGH
64.39629916,13.06523438,2442,0,976,0,1510,124.820814,LOW
24.5254486,90.77062918,3860,1,3920,1,3873,609.3569445,HIGH
15.24299254,86.45636095,839,0,1565,0,2749,380.400549,LOW
-0.358182246,93.36918238,1460,0,1605,0,2709,225.3327977,LOW
3.569875568,64.59172413,1761,0,876,0,3514,356.0967259,LOW
9.893012423,42.89443334,18,0,2222,0,2242,696.429807,MEDIUM
28.79711279,89.31869738,3671,1,3921,1,3773,799.7305698,HIGH
2.024358931,67.74734148,3571,1,1234,0,3792,14.62825888,LOW
51.76629698,67.10552839,2156,0,3920,1,2230,549.3097715,MEDIUM
40.10598791,9.553531383,3747,1,2289,0,4041,451.7676787,MEDIUM
-6.108292158,39.07283656,2274,0,1814,0,773,371.9326679,LOW
1.828840069,15.92874452,703,0,3232,1,4037,318.1115536,MEDIUM
3.487267894,58.05883503,661,0,1492,0,2713,13.09445659,LOW
-29.3910132,79.18178395,2448,0,2966,1,623,480.045967,LOW
35.61927727,81.94683382,3670,1,3952,1,3881,573.2181283,HIGH
78.95934819,54.44823328,3214,1,232,0,3871,75.60504062,LOW
24.24026768,23.32164115,3596,1,3465,1,3283,473.9699414,HIGH
34.61759247,91.02176564,3851,1,3962,1,3657,969.3324066,HIGH
26.80659017,72.08130963,3874,1,1311,0,2143,988.728782,LOW
-15.40225486,72.56272003,3270,1,3096,1,2409,896.0751118,MEDIUM
27.00952071,22.55401424,3003,1,2548,1,3902,651.5194668,MEDIUM
46.97918718,59.32786483,3595,1,1266,0,2956,479.2789286,LOW
74.7801678,73.75083595,3897,1,1674,0,1950,296.5355813,LOW
52.67820701,52.01635011,267,0,388,0,1984,551.9068388,LOW
9.740550104,86.35181406,3877,1,474,0,385,465.7001223,LOW
5.56308898,59.02949425,395,0,933,0,1555,624.1489078,LOW
59.80364524,27.307081,3920,1,2804,1,4090,298.7255736,MEDIUM
50.98861708,69.60206181,2263,0,4069,1,2,815.833125,LOW
-27.04675424,68.52980161,2483,0,1486,0,282,965.1297421,LOW
24.32665555,83.27732038,3877,1,3695,1,4022,913.1704055,HIGH
16.31422728,44.30593623,1585,0,2217,0,1923,861.0452995,LOW
28.86067413,88.51317833,3542,1,3699,1,3710,613.0165984,HIGH
21.3446836,87.84542139,3948,1,3529,1,3859,516.221723,HIGH
33.00850498,76.37001923,3684,1,3782,1,3967,850.6916428,HIGH
-34.49664803,62.08056844,1473,0,42,0,204,209.1307911,LOW
-0.839388288,83.96596557,1132,0,2038,0,699,430.1028765,LOW
-28.19252203,66.03027197,3423,1,1573,0,2567,265.0464283,LOW
76.13137583,43.97404865,2103,0,109,0,1942,798.2931972,LOW
44.61669747,45.51719917,2990,1,653,0,2768,837.3670798,LOW
44.79611162,37.44804,3643,1,3550,1,1907,45.31927896,LOW
35.33054632,91.06322362,3615,1,3804,1,3759,697.9686131,HIGH
44.59106596,59.82860583,24,0,3569,1,1062,75.93341037,LOW
-4.570983701,87.94965707,1920,0,3354,1,2754,95.05304553,MEDIUM
22.4089468,87.5362934,3866,1,3553,1,3812,688.9196069,HIGH
-35.95883154,87.91857726,3746,1,3191,1,1614,557.3371696,LOW
31.08674949,75.98515945,3557,1,3608,1,3827,960.3698252,HIGH
27.93895946,83.66149406,3716,1,3668,1,3989,865.2462387,HIGH
17.22801278,71.83311754,494,0,1062,0,1629,640.6151835,LOW
27.83821126,90.91491076,3926,1,3866,1,3720,672.4088039,HIGH
51.72240637,62.37430849,991,0,2254,0,3427,38.93801669,MEDIUM
-16.64529858,36.77593509,2139,0,1764,0,3029,827.5378956,LOW
26.65561738,86.72214893,3568,1,3578,1,3746,831.2839589,HIGH
13.69617696,47.42884204,1712,0,2096,0,2700,537.0074884,MEDIUM
-32.12486265,82.15129474,2926,1,2506,1,2126,818.7856434,MEDIUM
36.9621847,98.41484389,3870,1,3717,1,3743,869.533488,HIGH
35.74047751,4.984202778,3366,1,2839,1,1009,909.390192,LOW
68.34739942,85.22638744,3944,1,4008,1,3708,593.2215701,HIGH
42.16774071,16.26169393,1581,0,1617,0,3618,822.5372429,LOW
25.62511591,67.06755254,4017,1,2086,0,2259,204.0246657,MEDIUM
66.31732979,61.58631882,2941,1,3241,1,3521,24.40078156,MEDIUM
36.11297611,76.72955677,3875,1,3674,1,4019,965.1992101,HIGH
40.59707379,58.22087598,1127,0,1847,0,392,239.1587778,LOW
2.702571111,8.391953582,3560,1,3962,1,18,677.5409455,LOW
-21.54506204,22.36144345,3277,1,265,0,1811,573.0414289,LOW
30.4681437,97.64540176,3883,1,3514,1,3715,912.6056856,HIGH
27.69222152,83.7737207,3744,1,4069,1,3559,559.3218829,HIGH
78.8409576,0.023752358,1804,0,1631,0,3212,383.9638899,LOW
35.66971299,21.97067904,2615,1,3611,1,1083,826.6183455,LOW
-26.40357943,40.36010024,1988,0,424,0,3153,704.554428,LOW
-37.91442518,32.31306571,3868,1,3255,1,1208,580.1122297,LOW
49.02755924,84.84253791,3414,1,2749,1,1849,302.9309056,LOW
-11.11687458,12.15013763,3359,1,2935,1,3506,886.9249002,MEDIUM
22.36437245,70.00092157,3786,1,3582,1,3854,678.298088,HIGH
-14.07278605,80.93243983,3460,1,1200,0,1571,632.2165978,LOW
38.10528429,53.29577866,2428,0,3909,1,57,333.0019131,LOW
-24.5356159,33.51188543,3741,1,2403,0,1574,160.759896,LOW
-2.340783013,24.1500628,954,0,2763,1,2433,424.8508429,MEDIUM
56.57037464,4.605673419,2217,0,3638,1,1787,177.888124,LOW
29.25471032,35.71211593,273,0,2003,0,684,251.0013833,LOW
-5.000490555,69.49818861,2848,1,1415,0,2043,779.8509889,LOW
7.839563333,14.63739922,3188,1,3041,1,2529,68.17230939,MEDIUM
57.67643234,61.52194382,819,0,123,0,3292,623.8958363,LOW
-10.03983894,48.94249636,3726,1,3948,1,3642,987.668008,HIGH
34.61740692,82.60033013,3788,1,3752,1,4039,902.0827825,HIGH
38.44734969,90.86873957,3606,1,3638,1,3731,599.9206356,HIGH
78.09323828,66.79199988,268,0,1125,0,3233,165.9548953,LOW
-9.322600263,30.20605018,2711,1,3238,1,2578,851.1742609,MEDIUM
76.49194478,26.26756426,2007,0,1384,0,1185,472.8971328,LOW
66.66649088,54.4505769,3180,1,1391,0,220,255.3090765,LOW
22.39905883,79.36192134,3574,1,3520,1,3665,502.5698138,HIGH
32.06668392,94.0505288,3518,1,3856,1,3600,711.3280169,HIGH
29.99917984,91.90747569,3670,1,3975,1,3687,883.7494153,HIGH
39.09365174,10.8893314,579,0,2743,1,1890,498.2360005,LOW
25.02338535,95.32636976,3923,1,3711,1,3956,654.2341407,HIGH
31.13569822,95.35362554,3754,1,3786,1,3807,836.3823072,HIGH
30.85173078,6.133095564,1349,0,2727,1,1380,723.1282739,LOW
20.88080759,90.80005461,3918,1,3816,1,3621,916.8220052,HIGH
28.82347417,95.60471436,3119,1,115,0,2558,109.2642103,LOW
28.68104352,73.82710524,3988,1,3563,1,3564,677.1885915,HIGH
8.17347571,15.86241445,3361,1,3710,1,849,823.7780901,LOW
16.50408275,65.6055022,3915,1,2491,0,3499,687.0391506,MEDIUM
72.39777822,3.918632668,728,0,675,0,3348,967.5805515,LOW
-12.19939583,94.27317741,3646,1,3564,1,1333,607.7367949,LOW
70.49199302,58.44489098,3928,1,2843,1,294,268.8535144,LOW
62.0872952,74.59745255,1969,0,3530,1,333,932.9380671,LOW
24.07609671,14.21371238,1104,0,2466,0,4008,422.0342601,MEDIUM
4.358534727,24.21599383,293,0,3681,1,2327,470.3006344,MEDIUM
32.35314518,82.67073597,2416,0,2478,0,796,288.4054378,LOW
28.38676218,76.24586857,1658,0,2853,1,1865,342.0817487,LOW
45.73089969,75.90052825,3173,1,1752,0,2800,513.8544642,LOW
33.45694267,91.72763582,3885,1,3784,1,4068,982.6513618,HIGH
33.93390223,79.73037423,3915,1,4033,1,4003,902.7150215,HIGH
28.76353433,96.97781077,3549,1,3663,1,3564,722.0576232,HIGH
27.16279433,99.68516,3926,1,3640,1,3524,571.2782775,HIGH
21.60418523,98.9217754,531,0,1769,0,1983,942.5459397,LOW
25.50989242,70.58314839,750,0,953,0,2635,688.0300102,LOW
-34.70056766,34.17824047,1572,0,140,0,2048,69.02954089,LOW
54.36140173,8.941100231,709,0,1325,0,806,879.1183076,LOW
38.49592844,88.91279239,3556,1,2985,1,1780,632.3913243,LOW
13.92196904,58.58647885,1479,0,159,0,1589,71.77580623,LOW
12.12839828,72.34478179,3993,1,3856,1,2962,589.4539895,MEDIUM
50.81018068,51.93858595,2423,0,1749,0,2791,877.8300782,LOW
-3.706302605,49.14181775,1610,0,2454,0,3488,562.711699,MEDIUM
34.68302518,80.23955938,3973,1,3572,1,3821,705.6872857,HIGH
24.99610576,63.34782198,3430,1,3306,1,3272,139.3560741,HIGH
-21.99416024,32.46759269,3835,1,1768,0,593,476.0181294,LOW
78.73413572,88.9519311,2707,1,1105,0,3289,195.1665172,LOW
-12.76423668,88.93909161,3926,1,2628,1,855,882.4594405,LOW
45.81201935,59.3158219,1738,0,2961,1,287,454.7643426,LOW
28.26345034,90.27468775,3897,1,3686,1,3962,697.6296577,HIGH
60.98355924,84.64078493,3578,1,2248,0,364,154.6721409,LOW
11.83340224,29.12291402,1082,0,3547,1,2558,139.4938607,MEDIUM
20.04313355,69.08839766,3582,1,2505,1,2904,648.6389568,MEDIUM
60.29911135,33.21910331,993,0,4073,1,2012,771.1228159,MEDIUM
20.20987282,96.85195867,3728,1,3654,1,4023,975.2664105,HIGH
70.09830118,29.05045057,1723,0,2536,1,1592,890.1411374,LOW
-32.02440091,76.65150495,249,0,3500,1,2361,781.9599772,MEDIUM
35.14811857,48.88978318,2482,0,3835,1,2556,993.8483889,MEDIUM
53.17871632,61.13366022,2218,0,3458,1,3608,673.2464394,MEDIUM
-10.05707598,0.201851775,3523,1,2008,0,1088,117.0660414,LOW
78.39674942,37.42707958,1856,0,510,0,1365,812.7995673,LOW
24.36415069,96.2221532,3986,1,4024,1,3882,631.6236733,HIGH
47.75798236,69.72754191,1847,0,1621,0,3904,465.0552483,LOW
9.934571369,75.96114287,2078,0,2591,1,2384,719.7914534,MEDIUM
76.21865331,79.87141917,651,0,2421,0,1882,979.9703294,LOW
12.1515153,77.38796557,1896,0,2652,1,658,892.52329,LOW
13.81089716,99.44574626,4067,1,397,0,160,18.07536362,LOW
-5.819140675,3.688694735,2160,0,1589,0,1,502.6790232,LOW
32.36474661,61.89915647,1230,0,2413,0,2654,775.9115328,MEDIUM
33.77525082,96.932307,3834,1,3707,1,3708,538.2199305,HIGH
-15.05364938,2.653220387,3452,1,2747,1,914,583.041561,LOW
-29.35569595,12.06358711,2280,0,2593,1,523,206.3337184,LOW
2.755740569,90.68284415,1408,0,2680,1,1400,647.6901205,LOW
32.37544154,89.96095625,3643,1,3744,1,3515,600.764189,HIGH
43.55465311,33.98749638,182,0,3598,1,3030,65.3563408,MEDIUM
56.2825195,47.90700631,1904,0,269,0,280,421.4440416,LOW
60.578597,80.28109348,3293,1,3255,1,2213,535.9350789,MEDIUM
11.8997454,31.18161331,845,0,1851,0,3603,439.5116886,LOW
-19.90209013,10.45678403,1994,0,1925,0,316,706.4757265,LOW
64.7987499,63.6291354,3199,1,361,0,3300,160.071635,LOW
-27.83525229,27.78527761,2385,0,568,0,2878,432.0189276,LOW
37.53081482,49.9333835,1791,0,2557,1,182,149.237778,LOW
32.93025467,29.53014776,1751,0,2321,0,775,651.6397605,LOW
-35.83956799,58.28068351,3647,1,1790,0,493,855.6960938,LOW
-14.8780812,37.04721028,725,0,4054,1,525,618.2547715,LOW
55.49512033,89.00053418,2518,1,833,0,1166,375.5829526,LOW
-25.88272142,73.97303321,3958,1,3180,1,3087,988.4159894,HIGH
-33.77188677,19.11187095,843,0,419,0,3109,731.7247366,LOW
-22.35118229,92.65876252,1353,0,3031,1,2832,258.2443883,MEDIUM
35.16080842,92.80016635,3629,1,3986,1,4071,604.8451387,HIGH
50.14136574,7.100766453,3449,1,4006,1,3826,354.7712918,HIGH
30.4717297,76.54779618,3610,1,3690,1,3884,626.4290591,HIGH
28.8107832,79.51916432,3900,1,4036,1,3527,756.8539276,HIGH
-5.615049745,59.08332606,3413,1,837,0,2352,37.34818875,LOW
37.05963991,97.85150517,3866,1,3597,1,3500,898.0037012,HIGH
2.810399203,28.09345097,379,0,2062,0,492,140.924225,LOW
0.392513383,13.44146769,1942,0,2060,0,1673,989.9602324,LOW
0.927962126,11.34735212,2198,0,1634,0,1438,877.3393534,LOW
47.20051905,30.47510954,1398,0,2990,1,632,281.5211984,LOW
62.17383651,0.033250612,42,0,2710,1,253,602.5531638,LOW
21.82084189,97.55413157,3432,1,341,0,688,557.3053689,LOW
41.13504771,13.84354933,3736,1,2902,1,1299,569.4844842,LOW
47.90865167,21.49403786,3619,1,1762,0,750,262.2640443,LOW
78.10813991,39.57079636,1462,0,225,0,2153,281.9190429,LOW
-16.57084146,72.24521153,658,0,3120,1,3587,24.31596643,MEDIUM
22.34560296,75.07185335,3658,1,3688,1,3883,880.8379381,HIGH
-31.44636759,95.466003,1827,0,323,0,714,380.0745089,LOW
-1.058583979,26.95118623,155,0,3852,1,3988,694.6409589,MEDIUM
0.280859965,74.93904528,1687,0,136,0,3655,986.246672,LOW
7.023124783,89.56747776,1030,0,820,0,1337,507.805064,LOW
12.03864007,4.366165771,3883,1,3794,1,3665,20.86113929,HIGH
24.20306055,14.43876321,1358,0,62,0,2139,419.3896117,LOW
43.48571514,4.878358167,913,0,1711,0,453,962.1219726,LOW
27.28139539,62.84264566,2463,0,2072,0,2841,253.2723835,MEDIUM
-20.60562265,25.54933447,3452,1,3867,1,3048,560.1822584,HIGH
25.86063881,61.29001609,1517,0,2889,1,197,846.9187281,LOW
24.97583577,98.26174658,3860,1,3755,1,3987,696.5608991,HIGH
31.36929797,89.5454705,3980,1,3923,1,3915,778.2281029,HIGH
26.81089671,94.14891191,3524,1,3547,1,3833,579.8124507,HIGH
-27.73676564,85.42097745,3342,1,1098,0,886,825.9207658,LOW
44.47353622,91.06240035,2756,1,3070,1,1939,335.8658571,LOW
-34.22864272,78.15144818,3850,1,1851,0,872,750.5019248,LOW
67.33430682,45.59792758,603,0,3822,1,1970,602.1169854,LOW
21.26741545,82.05987577,4008,1,138,0,428,484.3444263,LOW
76.48999492,94.23153897,2546,1,2489,0,2587,354.8413603,MEDIUM
-4.914026751,44.39194545,3256,1,255,0,1228,301.0460778,LOW
45.22913583,31.43501132,1418,0,1899,0,1473,821.6368977,LOW
26.93771953,83.06934371,3582,1,3709,1,3685,639.0645777,HIGH
-32.72741107,68.53953434,4000,1,206,0,374,171.4341767,LOW
-1.277633407,4.34007833,3284,1,1699,0,202,919.1157153,LOW
44.00411273,10.44041297,3606,1,4045,1,3336,723.1494865,HIGH
34.27378316,32.35003949,2009,0,3764,1,241,629.298806,LOW
13.49993034,9.997491582,1482,0,2919,1,2135,333.7086111,MEDIUM
33.33043953,72.4031718,3622,1,3847,1,3886,592.2295255,HIGH
35.02557849,96.90985868,3682,1,4018,1,3769,591.4066943,HIGH
0.008878659,73.30511899,1309,0,3234,1,56,793.3940143,LOW
6.580391145,64.32882184,4000,1,1636,0,956,545.6167893,LOW
16.52785432,18.21071388,3953,1,520,0,3186,512.4576559,LOW
18.73433123,98.56504541,1439,0,202,0,2294,672.1355474,LOW
44.3168247,6.652760821,3033,1,2387,0,925,915.6722323,LOW
76.58392291,33.13470071,2800,1,1314,0,866,196.0977127,LOW
-36.51143436,16.68851179,187,0,2320,0,1080,387.6735948,LOW
-26.22773538,86.01396933,3001,1,3669,1,2090,67.6683619,MEDIUM
59.12811563,78.20280877,2785,1,480,0,2556,36.16038052,LOW
2.588622856,95.68008851,2782,1,3577,1,3455,482.5209496,MEDIUM
22.77016695,67.00960346,1692,0,1671,0,2798,532.2602133,LOW
38.36795084,89.4936414,3608,1,3705,1,3871,822.4514526,HIGH
50.41135067,76.89227821,3199,1,3747,1,200,766.1159328,LOW
21.82102044,59.35385691,3097,1,983,0,520,646.6059134,LOW
65.71676068,88.29148165,829,0,3116,1,1770,211.2318315,LOW
32.09581357,90.37239672,2273,0,771,0,3224,743.3528229,LOW
75.34064292,84.45338487,3820,1,791,0,337,539.6921324,LOW
-13.03585876,18.00104375,1082,0,2738,1,2884,103.3089571,MEDIUM
22.55552572,97.60138233,3866,1,1722,0,3573,16.94766489,LOW
6.44945124,96.38222755,1206,0,2452,0,385,133.8037363,LOW
-2.565761141,32.07427404,933,0,3234,1,3598,745.837012,MEDIUM
25.22634333,90.6472111,4018,1,1669,0,3110,116.8980407,LOW
27.25119593,94.17143577,4028,1,4089,1,3665,733.3465604,HIGH
34.40767997,85.33340915,3882,1,3888,1,3708,730.4491691,HIGH
-12.86496025,30.41987196,3388,1,1714,0,211,230.4166621,LOW
38.66410176,77.96489222,3772,1,3527,1,3505,839.2499841,HIGH
43.29806882,51.26547531,1829,0,2274,0,2190,212.6443764,MEDIUM
28.54933056,89.35655728,3691,1,3966,1,3824,616.1123455,HIGH
-11.5079838,51.23637775,2587,1,4012,1,771,384.5113276,LOW
38.04826067,80.3187306,3802,1,4029,1,3970,829.3306775,HIGH
-25.55934856,4.694535715,824,0,2553,1,2265,36.73193743,MEDIUM
8.905163724,40.71064891,1381,0,3842,1,1098,348.820534,LOW
25.94574409,76.89981262,4049,1,3834,1,4081,937.5590223,HIGH
79.73850268,67.68212989,112,0,2694,1,3559,294.6193963,MEDIUM
-38.152613,58.29260568,816,0,1920,0,3208,450.2542461,LOW
7.678173855,42.67889053,951,0,2717,1,722,349.386999,LOW
-14.70482781,22.9365777,2323,0,905,0,49,268.5621675,LOW
69.83086219,85.98238354,1873,0,2817,1,567,787.373345,LOW
76.8148868,33.68405019,264,0,645,0,1395,918.2079996,LOW
26.40548194,64.16319088,2965,1,1306,0,3906,373.2598145,LOW
-39.08031608,21.90688091,554,0,601,0,403,108.0257541,LOW
78.80646201,14.00840152,154,0,784,0,2537,877.3730719,LOW
23.28795465,71.93536224,929,0,2692,1,3737,79.40658464,MEDIUM
43.10389178,13.44351294,125,0,2241,0,276,358.7155254,LOW
24.30408959,96.53065451,3946,1,3900,1,3605,503.1895217,HIGH
25.92111739,53.32513993,194,0,2108,0,2725,748.2328313,MEDIUM
41.99105164,7.613085949,592,0,2271,0,1137,495.146527,LOW
-9.271801269,4.043358954,206,0,2939,1,1038,110.8908208,LOW
63.70594132,55.81402496,1274,0,2381,0,956,34.18776594,LOW
19.67071164,33.97774716,2324,0,1091,0,531,544.8477591,LOW
72.60085482,18.12330662,1570,0,2965,1,2560,741.1206493,MEDIUM
52.51062136,84.47832281,2035,0,959,0,2246,626.2203216,LOW
28.05478969,85.58835027,3809,1,3918,1,4027,816.4013053,HIGH
-4.714638493,71.40591998,3057,1,1136,0,193,534.4558913,LOW
61.76190623,72.43174697,1508,0,767,0,3699,404.7984291,LOW
32.46955661,88.00844382,3775,1,3980,1,3999,875.132882,HIGH
49.78302872,55.78132255,662,0,255,0,2283,53.858207,LOW
59.1246862,69.93153751,2331,0,3789,1,979,981.7986933,LOW
70.1302987,42.45274252,3957,1,1195,0,1798,815.7486435,LOW
26.56252517,74.77943498,2886,1,615,0,3331,413.8274653,LOW
52.81677508,13.08736607,300,0,3466,1,2966,453.7895414,MEDIUM
-38.0725762,78.21712631,3490,1,1824,0,2535,797.5473605,LOW
-11.18252575,7.586332811,760,0,2142,0,3734,128.045839,MEDIUM
44.74318196,53.42905519,1191,0,1476,0,2386,429.5959436,LOW
35.18173865,91.82587691,3727,1,3960,1,3930,764.9702935,HIGH
68.92324476,59.18887388,1827,0,1810,0,3141,708.1811956,LOW
54.80365236,30.46791391,72,0,2625,1,398,402.9801788,LOW
-24.67723247,25.00164492,2143,0,3807,1,1687,867.1166072,LOW
21.50031785,80.64036172,3721,1,1854,0,610,51.95657755,LOW
3.975384185,39.61726916,916,0,1496,0,3986,388.5581013,LOW
6.715473685,28.86937368,3583,1,2854,1,2723,719.0459052,MEDIUM
36.14989011,79.79141596,558,0,1127,0,3982,915.0900684,LOW
-34.37242387,26.8672482,1574,0,437,0,2201,498.1651866,LOW
13.72081105,13.42748509,2993,1,2062,0,2469,529.6597239,MEDIUM
-25.64869049,71.32447872,3840,1,2814,1,1028,561.2771976,LOW
35.62966633,24.83836087,1211,0,2467,0,741,427.6013337,LOW
-11.2255169,9.387329008,3672,1,896,0,487,934.6139973,LOW
26.46251413,96.93025356,3473,1,1549,0,2094,629.3986381,LOW
-13.50764647,8.238104562,973,0,1562,0,3155,654.5112143,LOW
26.14432834,86.39375625,3529,1,3736,1,3780,580.1128005,HIGH
36.50639174,49.61663841,1070,0,1582,0,2010,685.911271,LOW
-25.74185005,11.75262468,1384,0,1996,0,1958,746.0448793,LOW
